[
  {
    "timestamp": "2025-11-14T23:40:16.070781+00:00",
    "usuario": "Francisco Carrasco",
    "detalle": "Recalibración solicitada desde UI"
  },
  {
    "timestamp": "2025-11-14T01:39:09.874267+00:00",
    "usuario": "Francisco Carrasco",
    "detalle": "Recalibración solicitada desde UI"
  },
  {
    "timestamp": "2025-11-14T01:39:09.871508+00:00",
    "usuario": "Francisco Carrasco",
    "detalle": "Recalibración solicitada desde UI"
  },
  {
    "timestamp": "2025-11-14T00:41:08.140750+00:00",
    "usuario": "Francisco Carrasco",
    "detalle": "Recalibración solicitada desde UI"
  },
  {
    "timestamp": "2025-11-14T00:41:06.398850+00:00",
    "usuario": "Francisco Carrasco",
    "detalle": "Recalibración solicitada desde UI"
  },
  {
    "timestamp": "2025-11-14T00:35:49.912188+00:00",
    "usuario": "Nelson Duarte",
    "detalle": "Recalibración solicitada desde UI"
  },
  {
    "timestamp": "2025-11-14T00:35:41.647651+00:00",
    "usuario": "Francisco Carrasco",
    "detalle": "Recalibración solicitada desde UI"
  },
  {
    "timestamp": "2025-11-14T00:35:41.646105+00:00",
    "usuario": "Francisco Carrasco",
    "detalle": "Recalibración solicitada desde UI"
  },
  {
    "timestamp": "2025-11-14T00:35:40.578147+00:00",
    "usuario": "Francisco Carrasco",
    "detalle": "Recalibración solicitada desde UI"
  },
  {
    "timestamp": "2025-11-14T00:34:45.317521+00:00",
    "usuario": "Francisco Carrasco",
    "detalle": "Recalibración solicitada desde UI"
  },
  {
    "timestamp": "2025-11-14T00:34:44.019823+00:00",
    "usuario": "Francisco Carrasco",
    "detalle": "Recalibración solicitada desde UI"
  },
  {
    "timestamp": "2025-11-14T00:33:28.254281+00:00",
    "usuario": "Francisco Carrasco",
    "detalle": "Recalibración solicitada desde UI"
  },
  {
    "timestamp": "2025-11-14T00:23:55.720727+00:00",
    "usuario": "Francisco Carrasco",
    "detalle": "Recalibración solicitada desde UI"
  }
]