[
  {
    "timestamp": "2025-12-02T20:22:05.111770",
    "message": "Error al obtener datos filtrados"
  },
  {
    "timestamp": "2025-12-02T16:57:54.209919",
    "message": "Error al obtener datos filtrados"
  },
  {
    "timestamp": "2025-11-28T23:22:57.345373",
    "message": "Error al obtener datos filtrados"
  },
  {
    "timestamp": "2025-11-27T19:10:27.686005",
    "message": "Error al obtener datos filtrados"
  },
  {
    "timestamp": "2025-11-27T18:14:19.734063",
    "message": "Error al obtener datos filtrados"
  },
  {
    "timestamp": "2025-11-27T16:40:19.278386",
    "message": "Error al obtener datos filtrados"
  },
  {
    "timestamp": "2025-11-25T23:48:47.991503",
    "message": "Error al obtener datos filtrados"
  },
  {
    "timestamp": "2025-11-25T22:05:30.374893",
    "message": "Error al obtener datos filtrados"
  },
  {
    "timestamp": "2025-11-25T21:16:25.633645",
    "message": "Error al obtener datos filtrados"
  },
  {
    "timestamp": "2025-11-25T21:15:16.126925",
    "message": "Error al obtener datos filtrados"
  },
  {
    "timestamp": "2025-11-22T03:44:11.392472",
    "message": "Error al obtener datos filtrados"
  },
  {
    "timestamp": "2025-11-21T21:12:25.436766",
    "message": "Error al obtener datos filtrados"
  },
  {
    "timestamp": "2025-11-21T20:56:08.411702",
    "message": "Error al obtener datos filtrados"
  },
  {
    "timestamp": "2025-11-21T20:12:23.581848",
    "message": "Error al obtener datos filtrados"
  },
  {
    "timestamp": "2025-11-19T17:10:35.386906",
    "message": "Error al obtener datos filtrados"
  },
  {
    "timestamp": "2025-11-19T16:01:47.940534",
    "message": "Error al obtener datos filtrados"
  },
  {
    "timestamp": "2025-11-19T16:01:17.920681",
    "message": "Error al obtener datos filtrados"
  },
  {
    "timestamp": "2025-11-18T21:39:12.294050",
    "message": "Error al obtener datos filtrados"
  },
  {
    "timestamp": "2025-11-12T22:38:21.778627",
    "message": "Error al obtener datos filtrados"
  },
  {
    "timestamp": "2025-11-12T22:09:24.698138",
    "message": "Error al obtener datos filtrados"
  },
  {
    "timestamp": "2025-11-11T21:54:50.984487",
    "message": "Error al obtener datos filtrados"
  },
  {
    "timestamp": "2025-11-11T21:52:16.406187",
    "message": "Error al obtener datos filtrados"
  },
  {
    "timestamp": "2025-11-05T19:37:32.334418",
    "message": "Error al obtener datos filtrados"
  },
  {
    "timestamp": "2025-11-04T22:34:25.306654",
    "message": "Error al obtener datos filtrados"
  },
  {
    "timestamp": "2025-10-22T16:27:50.423849",
    "message": "Error al obtener datos filtrados"
  },
  {
    "timestamp": "2025-10-22T15:58:29.735530",
    "message": "Error al obtener datos filtrados"
  },
  {
    "timestamp": "2025-10-22T15:57:42.179961",
    "message": "Error al obtener datos filtrados"
  },
  {
    "timestamp": "2025-10-22T15:54:15.880579",
    "message": "Error al obtener datos filtrados"
  },
  {
    "timestamp": "2025-10-21T20:15:52.230208",
    "message": "Error al obtener datos filtrados"
  },
  {
    "timestamp": "2025-10-21T19:12:04.747064",
    "message": "Error al obtener datos filtrados"
  },
  {
    "timestamp": "2025-10-21T19:07:00.524085",
    "message": "Error al obtener datos filtrados"
  },
  {
    "timestamp": "2025-10-21T19:03:11.510276",
    "message": "Error al obtener datos filtrados"
  },
  {
    "timestamp": "2025-10-21T19:02:34.726972",
    "message": "Error al obtener datos filtrados"
  },
  {
    "timestamp": "2025-10-20T21:55:11.511000",
    "message": "Error al obtener datos filtrados"
  },
  {
    "timestamp": "2025-10-20T21:52:12.047128",
    "message": "Error al obtener datos filtrados"
  },
  {
    "timestamp": "2025-10-20T21:52:00.817169",
    "message": "Error al obtener datos filtrados"
  },
  {
    "timestamp": "2025-10-20T21:50:51.884070",
    "message": "Error al obtener datos filtrados"
  },
  {
    "timestamp": "2025-10-20T21:44:19.761934",
    "message": "Error al obtener datos filtrados"
  },
  {
    "timestamp": "2025-10-20T21:44:14.925884",
    "message": "Error al obtener datos filtrados"
  },
  {
    "timestamp": "2025-10-20T21:10:43.363382",
    "message": "Error al obtener datos filtrados"
  },
  {
    "timestamp": "2025-10-20T21:06:01.229843",
    "message": "Error al obtener datos filtrados"
  },
  {
    "timestamp": "2025-10-20T21:04:17.202021",
    "message": "Error al obtener datos filtrados"
  },
  {
    "timestamp": "2025-10-20T21:03:56.145974",
    "message": "Error al obtener datos filtrados"
  },
  {
    "timestamp": "2025-10-20T21:02:57.286113",
    "message": "Error al obtener datos filtrados"
  },
  {
    "timestamp": "2025-10-20T20:54:43.548625",
    "message": "Error al obtener datos filtrados"
  },
  {
    "timestamp": "2025-10-20T20:21:25.581443",
    "message": "Error al obtener datos filtrados"
  },
  {
    "timestamp": "2025-10-20T19:42:48.018661",
    "message": "Error al obtener datos filtrados"
  },
  {
    "timestamp": "2025-10-20T19:19:45.216548",
    "message": "Error al obtener datos filtrados"
  },
  {
    "timestamp": "2025-10-20T19:13:04.101729",
    "message": "Error al obtener datos filtrados"
  },
  {
    "timestamp": "2025-10-20T18:29:49.570822",
    "message": "Error al obtener datos filtrados"
  },
  {
    "timestamp": "2025-10-20T18:23:01.340095",
    "message": "Error al obtener datos filtrados"
  },
  {
    "timestamp": "2025-10-20T18:18:39.084761",
    "message": "Error al obtener datos filtrados"
  },
  {
    "timestamp": "2025-10-20T18:10:26.880826",
    "message": "Error al obtener datos filtrados"
  },
  {
    "timestamp": "2025-10-20T17:58:17.393005",
    "message": "Error al obtener datos filtrados"
  },
  {
    "timestamp": "2025-10-20T17:57:54.935391",
    "message": "Error al obtener datos filtrados"
  }
]